Years_in_school,Number_of_courses_completed,Attending_class_per_week,Owns_a_car,Number_of_roomates,Will_graduate
3.013542021,18.14752804,6.706958669,0,1.715040989,1
5.95675768,23.4069025,5.202283939,0,2.255470932,0
7.747632856,19.7877721,3.946303565,1,2.099488824,0
9.219385681,13.8147754,2.655591804,1,2.143247553,0
6.064386997,18.97414848,2.905072963,0,2.053322882,0
7.522662586,22.98830751,6.247101819,1,2.481405654,1
4.72547674,17.31955602,6.685664952,0,3.49483625,1
6.344935657,13.37524854,5.016291073,0,2.068110155,0
5.958439974,11.45796819,4.882013692,0,2.036889866,0
6.597502272,19.98560795,6.29479863,1,1.897513372,0
5.314195156,16.61702966,4.352690649,0,2.040044224,0
5.551268723,20.26266309,3.059431898,0,2.012116685,0
6.43211693,30.80824398,3.539297889,0,3.766808357,0
7.398102191,18.07723035,3.644920083,1,3.208411133,0
6.745606145,11.76936752,5.076367283,1,2.513889416,1
9.334510324,6.662589725,4.021482918,1,2.143244972,0
5.073148211,26.88727903,6.497424245,0,2.426712864,1
6.073179956,32.44014076,4.738962832,0,2.505951704,0
4.40771825,25.21540717,7.131372844,0,2.213689674,1
3.881319932,16.0815306,5.880566857,0,2.076587622,1
6.826496566,29.7321029,6.249779835,1,2.022326307,1
6.632207758,13.1685941,6.450714622,1,1.985755682,1
8.975686088,11.86366371,4.043335102,1,1.743914941,0
3.838544895,18.16146072,4.941610579,0,2.357246939,0
7.379181781,26.50428594,3.184731316,0,3.596926969,0
3.841569802,17.29007884,7.976675247,0,2.218353854,1
5.244441556,13.41190581,5.490770767,0,2.016230771,0
2.783082702,28.41414687,7.992251224,0,1.062993497,1
7.583235538,30.03191192,3.669460333,1,2.627349968,0
7.356161381,21.06159689,3.945693075,1,3.318366026,0
4.54671548,26.72274327,5.857997131,0,1.976841819,0
4.003411793,22.03398454,6.725181696,0,2.179256236,1
2.868886593,18.21480682,6.065707074,0,1.945963756,0
5.186917901,9.51795172,6.190202403,0,1.962398214,0
7.475505451,18.65112202,6.500523865,1,2.742380675,0
4.256804149,34.33605596,6.512602896,0,2.236272305,1
2.94696158,38.43672197,7.832675826,0,2.997132032,1
3.317911071,24.20777875,4.636708053,0,1.963729869,0
6.578112843,18.34046862,5.823736149,1,2.728833566,1
3.600652399,25.06703714,7.849252662,0,3.988798097,1
4.312375049,22.04308895,4.055579946,0,2.002620003,0
7.128221579,20.7619007,2.89097103,0,4.024334812,0
7.333782726,19.03669377,3.678355582,1,3.360123453,0
5.379422702,15.03182636,6.236842874,1,2.565956423,1
4.396315091,13.92012476,5.054574276,0,2.007573102,0
3.261758152,7.899713274,7.477919588,0,1.781173583,1
4.356125794,9.721951711,6.279488952,0,3.229192146,1
5.665201153,24.13308606,6.720044144,1,1.997230019,1
5.501621137,10.7894203,6.817709921,1,2.041526174,1
6.330336507,25.08129237,3.797587754,0,2.046643717,0
3.602380918,7.799494299,7.556267113,0,2.228884393,1
4.173347342,26.52766993,5.609741593,0,2.448572312,0
6.071000117,19.43985315,6.585605935,1,2.126311516,1
7.693423594,25.3898726,4.734522381,1,3.981320624,0
3.347733858,20.68758746,7.625332372,0,4.42552964,1
4.641403583,12.25575852,7.118766025,1,3.43814763,1
2.066611918,21.07186275,8.291028824,0,0.92329047,1
4.380196101,23.59818903,7.121839512,0,3.732703262,1
7.315883313,16.0640534,3.697643258,1,3.353496579,0
3.78865346,22.47990814,5.846235954,0,1.972892918,0
4.336080621,19.19009192,5.338375647,0,2.005052382,0
6.606467951,16.02258163,4.464333325,0,2.081456253,0
5.024713525,26.62763208,5.730129782,0,2.953407588,1
6.599911954,20.92642394,3.112740987,0,3.980311292,0
7.478086563,17.3533355,4.340592689,1,3.255002735,0
5.455230025,16.67456045,4.301379964,0,2.030932507,0
6.539044148,16.31151032,5.286776409,1,3.563384826,0
9.298862189,18.50328179,4.204160047,1,1.845027287,0
1.747879053,27.04532548,7.424661942,0,0.981631634,1
7.619067125,19.04715428,3.79882781,1,3.556398808,0
4.432710416,22.64734909,6.513877382,0,3.597572524,1
6.520385084,11.67234031,3.055241808,0,2.744173857,0
7.587077354,17.13626624,4.237059437,1,3.455715256,0
7.678328289,27.90013603,3.952149885,1,3.7212279,0
5.23338626,3.575541026,6.989475321,1,3.187625853,1
5.782529831,22.18640314,7.34615135,1,3.40782999,1
1.337826107,23.01322589,8.800214812,0,0.511553628,1
6.090368357,25.96803808,6.548177043,1,2.045856913,1
2.737294808,22.68860648,8.364238834,0,3.78498558,1
2.970949503,23.42633813,7.475073519,0,3.46717954,1
6.618246465,14.93495361,3.653774884,0,3.687670635,0
4.222374339,18.24108516,6.324462346,0,2.174459352,1
6.647014203,17.08611709,5.216045559,1,3.552861623,0
5.250960814,11.46494203,5.571906864,0,2.853314036,0
9.995366808,22.76518585,3.391894373,1,1.601386699,0
8.121036137,18.14832183,5.514372941,1,1.769558147,1
5.612962463,23.27797838,7.017549337,1,2.051306161,1
6.468289221,14.19989729,5.291170508,1,2.044600461,0
5.751235426,18.84265323,5.55151092,0,3.018636938,0
3.2625877,21.38307136,6.20815597,0,1.927468107,0
6.086361937,23.36658472,7.24920481,1,2.091857131,1
7.399188894,20.64538827,5.279304269,1,3.045327903,0
4.942451903,19.8219202,7.307471136,1,2.041306992,1
3.464308613,26.70406164,6.335395577,0,1.934104151,1
6.550299169,22.56318859,5.805074842,1,2.000382922,1
4.678567956,21.40357842,6.174380717,0,3.161025006,1
7.32774256,23.47159165,4.255004313,1,3.020567976,0
4.5245173,26.78864305,6.27549878,0,2.261900842,1
5.233636399,10.6763706,5.28507965,0,2.862205219,1
5.583358636,18.80195578,4.376452296,0,2.054515287,0
8.776495914,17.49933211,4.397355057,1,1.645561386,0
8.141439702,20.26991649,4.384123178,1,1.854302812,0
5.940224023,22.88919179,8.379281708,1,3.455631461,1
7.377392702,21.22031731,4.191184005,1,3.240425089,0
2.651452188,13.86317128,7.024011879,0,1.55870325,1
7.152622608,12.67743964,3.881881892,0,2.440352228,0
5.565989979,18.93533599,4.956780991,0,3.019756128,1
6.712063394,11.3511308,3.862589393,0,2.068899521,0
3.798997014,13.54235611,6.150812455,0,2.075826583,1
4.457749641,19.73784463,6.810341826,0,2.413808776,1
2.522163741,21.97580753,6.938749699,0,1.917474287,0
4.574574668,14.65226138,4.226844089,0,1.580759488,1
3.743376317,21.42662423,8.065418865,0,2.272653943,1
2.725088823,28.46701134,7.890649997,0,3.278678515,1
5.574911632,25.14858917,6.436684128,1,2.661138913,1
3.462361718,14.79753996,6.417517612,0,2.58670178,1
6.989334341,17.01409695,4.464298567,1,2.3081918,1
4.155621098,30.66898498,5.969589913,0,2.961125456,1
7.451658809,17.85401462,3.981155819,1,1.952805047,0
5.189062076,28.19711329,5.589770065,0,3.282016763,1
4.703562175,16.76797014,7.081828463,0,2.225124082,1
1.52704578,18.09740383,8.409503916,0,0.964357041,1
4.926299784,5.485280531,5.573673941,0,2.680101597,1
8.442036356,20.93736904,2.897636904,1,2.141360034,0
5.189866032,10.56426029,5.160079457,0,2.90988446,1
4.822526136,20.76017007,7.212494884,1,3.485136169,1
4.401492442,17.59375737,5.782666642,0,2.445331452,1
7.225143985,18.43344556,4.235667792,1,3.240906684,0
4.51895729,26.25212192,6.20884919,0,3.405313129,1
5.671210612,23.66587955,7.251274748,1,2.112746166,1
7.213906115,17.2729202,3.034519048,0,3.51573107,0
4.664799817,25.87961216,5.501262045,0,2.737825331,0
7.012387915,25.73445005,3.935235173,0,2.519959327,0
5.654211685,26.13968732,7.649572366,1,2.013978677,1
5.757852122,27.51620046,5.071493845,0,2.795652862,1
2.783985052,11.28793194,7.594131826,0,1.478921833,1
7.924727651,27.20251768,4.566653171,1,2.100110567,0
3.710114689,19.69608449,5.608735185,0,2.164352032,0
6.056071127,12.95910521,5.395926811,1,3.773579889,1
4.409474116,8.574488324,7.42138491,0,2.214105934,1
6.916530205,16.30410665,3.743653401,0,3.992870357,0
7.412717063,20.47489794,4.175603961,1,3.378569874,0
6.407095574,20.83832204,4.744889146,0,2.046868661,0
4.854663711,22.66013667,9.142305436,1,3.92087007,1
7.35072061,11.96925142,5.16646483,1,2.83725722,0
7.153240134,19.91776236,3.696675825,0,2.087065458,0
5.340577989,25.23210624,6.703898249,1,2.040549404,1
7.169350859,23.57350096,4.131865427,1,2.272395573,1
6.946338715,17.93388797,5.916947116,1,2.527928521,1
5.774077548,22.04511869,6.016556238,1,2.419924804,0
3.991915832,11.84809788,8.158324476,1,4.289116809,1
7.023051492,20.83435429,2.635476042,0,4.114440856,0
7.600625909,20.37577932,4.928281013,1,4.136178571,0
6.226690135,18.59401664,3.526393435,0,3.685929164,0
7.360410188,22.62786326,4.953528026,1,2.907867993,0
5.63638404,17.10761857,5.149449108,0,2.887096827,1
4.423049207,21.41822228,6.228615441,0,2.235309544,1
7.104841528,11.12664722,5.414175593,1,2.414884281,1
8.836745364,29.57062975,6.128904244,1,0.814903193,0
6.380139085,22.16893153,4.985720342,1,2.734497099,1
2.428281564,15.96413517,7.697952521,0,1.420801065,1
7.601036213,22.06965711,4.390735795,1,2.090861642,0
5.429666527,21.22581791,5.148223552,0,2.822704726,1
2.507220455,18.6162732,8.423560542,0,4.443879793,1
4.987540941,12.08783308,6.578342458,0,2.208455351,1
1.538961898,28.97498604,6.859849714,0,1.387155339,1
5.467633071,6.444764088,7.315391014,1,3.304703732,1
7.174034936,22.6454835,5.404481811,1,2.770910485,0
5.186065458,23.78551848,6.945536698,1,2.129087353,1
9.543320704,20.43623685,2.005337997,1,2.16083224,0
8.063852909,24.14937294,4.323068241,1,1.681904054,0
9.314846004,14.28417708,3.734911085,1,1.827931437,0
5.478035933,14.34285262,2.877253433,0,3.519134708,0
7.79273542,23.49382731,3.273746681,1,2.085649209,0
7.35082149,18.22175917,3.908928731,1,3.302773142,0
5.201301463,18.29104575,6.553288745,1,3.420969916,1
7.491803828,10.99771265,4.02666804,1,3.218101292,0
7.471259032,21.68175258,6.26834483,1,2.540941286,0
4.535488657,17.15901837,6.408590579,0,3.677087774,1
4.982429806,23.7014047,7.182408155,1,3.592526768,1
7.484882197,17.93099272,4.925793508,1,2.417606158,1
8.245391261,28.02084161,6.004998214,1,1.74719296,1
6.360154098,20.87594767,5.482688226,1,2.002596559,0
4.7642762,25.38062725,5.627554128,0,2.930337688,1
6.588976348,20.42252753,5.022268356,1,2.610955778,1
5.401650826,13.19330963,4.74555257,0,3.129491249,0
8.381235266,6.161886006,3.78453998,1,1.736777378,0
3.232984511,25.75407205,10,1,4.3689403,1
6.039942691,22.23631044,5.346484041,0,2.829932614,1
7.098680974,31.33523448,5.549232744,1,2.548785637,0
4.983281393,27.83250681,5.737009872,0,2.75706541,1
1.999166403,17.34351207,9.725380204,0,4.972113994,1
7.223155652,18.69757376,5.480907696,1,2.703460343,0
7.5181999,19.06864611,3.864873436,1,3.465011516,0
3.969501776,16.76826289,5.917609043,0,2.230287185,1
8.45587192,19.31097508,6.234617984,1,1.464001431,0
6.310936977,17.82141394,6.147081192,1,2.025728327,1
6.724428868,21.24660301,5.023501811,1,1.401746739,0
3.60289064,15.37852162,5.131102088,0,1.969660709,0
7.325610508,22.20824105,3.787105778,1,3.231704258,0
7.479853882,19.52598184,2.464980471,0,2.598820968,0
7.518089589,20.35385075,3.747938337,1,3.49497311,0
5.105384388,27.14683264,6.806775913,1,4.435188232,1
3.99247458,14.64141449,5.039363578,0,1.700485272,1
4.591429883,14.74501959,7.375024489,1,2.235343996,1
7.521079381,9.224601942,6.387522249,1,1.840213039,1
5.86695671,25.76393684,3.735386636,0,3.53721423,0
3.273892079,21.74609123,7.868618924,0,2.311161554,1
5.018158911,17.32030217,5.508904314,0,2.781974735,0
7.487562358,18.58316819,5.247936679,1,3.016187932,0
7.447347639,18.12370613,5.169474116,1,2.825495508,0
4.681291649,23.0182709,7.782028169,1,2.174352955,1
5.915342303,16.39998455,5.570272236,1,2.905994422,1
6.558037522,17.14550674,3.12514283,0,3.83604418,0
8.230522014,26.26033407,5.337143454,1,2.155406451,1
3.757142293,8.409609459,6.782279925,0,1.828394604,1
3.155418149,23.74787369,6.936509756,0,2.518284535,1
5.807916286,17.68996529,7.81662114,1,3.320022264,1
4.366640982,20.71203028,7.455229521,0,2.183168318,1
4.217285002,14.56287189,4.463611816,0,2.561534585,0
8.74696855,15.14465196,3.366993569,1,1.830963065,1
3.620486292,23.34199979,6.044499844,0,2.219229312,1
7.706593793,25.45470561,4.671752102,1,2.038639746,0
4.950735409,17.6023116,4.866548574,0,2.960654868,0
4.636472409,19.63251786,4.022182643,0,3.004831288,0
9.584372232,24.68557642,3.482267234,1,1.283083253,0
7.143918708,22.24579853,4.081625481,1,3.074776895,0
7.489607295,17.79219604,4.737438596,1,3.204905889,0
5.784530474,15.64727646,5.825247078,1,2.941510386,1
7.450558171,24.92694073,6.23304836,1,1.773830065,1
5.112300672,17.67084258,5.167627052,0,2.723705531,0
7.399614106,16.1111179,3.991606986,1,2.070394599,0
6.154314033,21.97884003,5.099591737,0,3.253897544,1
5.341008439,9.871273339,5.379111313,0,2.007377624,0
6.716266521,21.97570934,6.561497094,1,1.936168574,1
1.759725577,16.15303625,6.98489844,0,1.262108426,1
6.275874849,11.25318018,7.165802869,1,2.952214691,1
8.294967026,12.31199099,3.014195079,1,2.121425465,0
2.426669295,19.78187835,8.302679032,0,0.922049167,1
5.136884797,29.61541263,4.396452879,0,2.018506059,0
3.872512967,17.24051236,6.629670704,0,3.017997814,1
3.968070471,8.749838299,6.226205287,0,2.008861161,1
4.178645644,20.48625183,7.565920278,0,2.279086098,1
7.811174935,23.94730318,4.587938965,1,2.002434963,0
6.761957382,17.76110143,3.77212481,0,3.814372997,0
5.124388889,7.302396301,5.278681297,0,1.967516632,0
4.459589457,24.39189834,6.314702214,0,3.084516045,1
3.722635012,22.08255988,5.721128296,0,2.240591562,0
7.661172056,19.74142794,5.67397058,1,2.88099677,0
7.722137451,20.53647015,5.017749863,1,2.254482029,1
4.005245518,21.15495312,5.793107096,0,2.309843386,0
9.502037276,15.07128618,1.856549535,1,2.158468995,0
5.01582862,26.99041194,6.823274802,1,3.42016143,1
6.140435939,19.11771416,4.199470848,0,3.39682798,0
7.30524581,27.80182292,4.850537645,1,2.961326767,0
4.266408061,16.66256712,5.218489125,0,1.98005751,0
4.640277502,17.28754613,4.85665056,0,2.472468203,0
5.626155373,14.30350106,5.296448575,0,2.998673694,1
8.344719434,16.44315321,4.274074406,1,1.77437961,0
6.022093274,24.55886915,7.270898995,1,1.980426199,1
4.217105847,14.41337085,6.443750342,0,2.364273889,1
7.707901527,21.02399373,1.930183421,0,4.528928038,0
3.640850825,17.6361279,6.224057085,0,2.929683931,1
7.582948476,12.63189637,5.053173175,1,3.152723216,0
7.769230125,30.06273564,5.452983964,1,2.387523201,1
4.987684977,21.14449291,7.187714888,1,3.334644843,1
4.869293714,17.42463623,7.307456817,1,2.408941419,0
6.344409718,21.59628417,6.510511513,1,1.980028889,1
5.724592305,20.13803453,5.887834504,1,3.878328101,1
7.675449454,16.6790811,3.769844894,1,3.631412038,0
7.365826757,23.7083663,4.238255261,1,2.07521135,0
3.357306856,15.47919429,7.033282841,0,3.347291982,1
4.800935863,25.1230906,6.733395151,0,3.179516468,1
2.670249575,14.65091764,7.521799975,0,1.376651764,1
7.404945187,19.76721399,4.453961994,1,3.862178919,1
7.287666982,19.28038168,4.196232224,1,3.206830777,0
0,17.06066027,8.289499157,0,0.213707273,1
7.462179363,17.18809397,4.344121903,1,3.208019088,0
5.086549247,11.5992755,4.921556231,0,3.089380914,0
5.552484548,21.26446934,5.527490604,0,2.913473079,0
5.298216265,25.47572059,4.453190956,0,3.199270861,0
6.78797821,4.034710302,5.91680482,1,2.534498744,1
5.752004493,23.61044862,4.991255603,0,3.224222334,0
9.389533384,16.08016297,4.058023122,1,1.661320676,0
5.246355563,23.75143541,2.839305018,0,3.170278245,0
5.906818037,16.94353091,4.533023605,0,3.187992194,1
9.602454522,23.27805685,5.345514318,1,1.009911997,0
4.052610451,13.87961281,5.677908038,0,2.157851403,1
6.90460512,30.75868754,6.167083589,1,2.862029658,1
7.059381935,24.67798381,5.850620504,1,1.751817474,0
6.609000377,28.39457104,6.83168011,1,2.046869215,1
2.30993075,19.94346516,9.315742597,0,0.714954498,1
5.317298132,15.59016702,5.759411424,0,2.016120126,0
5.899740945,28.10658717,5.247577152,0,1.970555693,0
7.253303743,24.88134629,5.347701188,1,2.311106645,0
8.562324604,15.14423107,4.782740271,1,1.473631881,0
3.992338517,11.79401298,5.588412969,0,2.569424282,1
5.829113616,18.96335861,5.24530736,0,3.048761668,1
0.148063016,18.15719693,7.953554192,0,1.85748084,0
7.291792376,11.72307922,4.295419708,1,3.134545048,0
5.233712273,25.39732107,7.178707544,1,3.542450657,1
6.951321015,21.34450226,6.386819909,1,1.410768781,0
1.781670253,17.87942396,8.665369035,0,3.534496595,1
3.331585926,12.76974884,7.680914638,0,1.537883962,1
4.906808136,17.14087123,3.764313366,0,2.017477858,0
5.701293762,21.03724765,6.606359159,1,1.991880914,1
2.268497227,35.73789553,7.558971134,0,2.335322436,1
5.482217894,23.27439892,7.156454854,1,1.83796866,0
4.352203306,12.76893711,6.05297769,0,2.334923691,1
5.718177503,21.48669113,4.017321633,0,3.383408406,0
4.144107821,17.40693032,5.58960963,0,2.272666792,1
3.687740755,3.149874673,7.414145889,0,3.819226185,1
6.24416377,24.06058916,3.160882416,0,3.659609394,0
6.188877728,19.58582107,5.979416543,1,2.027022171,1
5.499234738,16.48713817,7.184491406,1,2.105929647,1
6.664546357,25.89999504,6.766154338,1,1.918867672,1
5.156843387,12.02358978,7.097055598,1,2.138495931,1
8.748455621,23.04477825,3.430596012,1,1.628020697,0
4.300127672,3.077656893,7.539559796,0,2.298819827,1
4.444038495,17.43866481,7.118103468,0,2.233604666,1
3.940905506,17.08064311,5.677322029,0,2.355547391,1
3.750315832,29.44394549,7.675343606,0,1.765693336,1
5.098649831,14.2926968,6.420128077,0,4.057394443,1
2.889112817,19.19259348,7.249540387,0,2.766060685,1
11.48297896,19.1415674,3.937967723,1,1.504717328,0
4.625870814,11.82843523,8.529265266,1,3.74400172,1
4.707248849,22.02967471,7.365060288,1,3.54294783,1
7.034770486,16.67405655,4.801280532,1,2.678586139,0
7.497524638,20.03265778,4.726666402,1,3.268391697,0
4.305941304,31.00306846,7.81847864,1,3.732445365,1
4.103072026,17.72650653,7.1355287,0,1.991959119,1
4.83960064,24.84166732,7.48201503,1,3.504806455,1
5.249264484,20.41191928,4.678749589,0,3.174406081,0
7.291040771,23.65318081,3.531896504,0,3.287143812,0
5.557273788,25.32398945,6.076943563,1,3.141270779,0
7.506261675,19.06100115,4.702641536,1,1.737123844,0
2.038101545,17.85026561,7.33285454,0,2.292439715,1
5.080580923,19.70571685,5.785815328,0,2.807144032,0
0.990528468,24.06599657,9.335380974,0,2.632237279,1
7.106722433,12.57272905,5.727056687,1,2.638002498,0
4.513147706,28.08399244,6.438405192,0,3.293340049,1
5.448214027,13.93533335,4.334243147,0,3.257125247,0
4.343441719,17.61832394,6.263544338,0,2.008773009,0
2.124323135,7.540621345,6.826056219,0,1.694032291,1
5.457187396,23.64376664,5.819269231,0,2.0292644,0
10.03907431,31.75390768,4.164167898,1,1.599584712,0
7.182071321,16.3619951,3.440410478,0,3.251441769,0
4.853196095,28.96272188,4.950687385,0,2.852874195,1
3.008928579,11.61155112,6.054870141,0,1.865215488,1
7.455565292,25.37725406,4.372739704,1,3.353622377,0
4.263208559,5.638605906,5.583972176,0,1.997425899,0
7.844259107,16.50713966,3.813306496,1,2.390201865,0
7.53854457,21.53620897,5.416853694,1,3.070182786,0
5.380129567,18.52207196,7.685015301,1,3.544618165,1
8.028513057,23.32909799,5.230580079,1,2.259053517,1
6.369592401,27.52328364,6.82146675,1,1.955384279,1
3.461861353,8.94622522,6.4241341,0,1.918293686,0
7.184877325,14.61900325,5.493257882,1,2.777613951,0
4.491775041,14.05700082,4.994485617,0,2.111764709,1
5.819252087,22.22897084,7.335176117,1,3.482989833,1
4.344114154,21.68286099,4.237502375,0,1.989422976,0
2.303539145,31.33023226,5.079347604,0,1.927669484,0
8.213180253,5.986278134,2.527898745,1,4.628430954,0
7.035017039,12.63496272,5.307885693,1,2.276409881,1
5.761636652,19.34712884,7.833972022,1,3.286170239,1
4.222376574,20.95433077,7.240891015,0,4.423506309,1
7.341499408,22.27431431,3.880302805,1,3.424614649,0
5.308513353,11.70223902,4.291259949,0,3.27011917,0
5.708765866,14.61939027,3.997786764,0,3.388901989,0
7.551791739,27.12919408,5.310226138,1,2.978522386,1
6.706926892,9.059450411,4.342541095,0,2.063177015,0
4.545935067,20.05679568,7.790493887,1,2.222993437,1
7.333014176,24.76385853,3.275874294,0,4.169965679,0
8.604416925,18.41143519,5.43187728,1,1.437530166,0
5.392645362,23.93146411,7.115010287,1,2.015349228,1
7.630419897,19.06988003,3.085956646,0,4.404458034,0
4.40365581,19.67014313,4.909837629,0,2.549684987,0
4.630355482,17.43411772,6.301365275,0,2.638711604,0
7.239211155,19.93477022,3.949193099,1,3.293448232,0
2.902383496,19.58214337,7.051103155,0,2.362469812,1
4.229299024,29.84830842,4.781519907,0,2.004950935,0
7.020993015,18.26952508,3.103610401,0,4.451699033,0
2.178980957,22.84224299,7.103692091,0,2.008379831,1
6.940221164,21.5049845,6.501158339,1,1.845324441,1
5.612427438,24.27753532,5.761904746,0,2.772438284,1
0.847731043,25.82468311,8.276864523,0,0.732821888,1
7.385508814,18.85392718,4.358728228,1,3.269511441,0
7.347701267,22.3484423,4.577166015,1,3.062613888,0
5.40742343,28.06232523,7.275155058,1,2.127381951,1
4.550371972,16.48267645,6.967606772,0,2.254093207,1
5.564668982,13.91556427,5.932432047,0,3.107223353,1
12,15.85865082,0,1,2.067322184,0
2.728457165,24.5362339,6.61324324,0,1.594899699,1
5.850559872,12.98409986,4.479865704,0,3.356285631,0
8.700528842,23.96402305,5.390973051,1,1.707191975,1
7.077747799,20.88808473,6.943206905,1,1.471627834,0
5.723423959,23.9925041,5.60080776,0,2.858518589,1
7.520944369,11.48783716,4.555554722,1,3.43342857,0
7.834740863,10.27017291,4.287529051,1,3.572832445,0
4.381249581,24.21729897,6.33221635,0,2.328945377,1
5.553515042,19.03475801,6.64152775,1,3.446240639,1
5.077088878,19.18814172,6.404076479,0,2.392089913,1
4.121921838,34.73784047,6.600832955,0,3.354465647,1
7.164428355,20.32622391,4.897499264,1,2.881145723,0
4.457794823,26.65961643,7.293114626,0,3.602112865,1
4.71057794,18.29069738,6.006684162,0,2.446977089,1
8.699611947,19.51628744,4.291234698,1,1.969449783,0
2.284621465,20.86683557,7.117572142,0,1.862631706,1
3.924584869,21.07636037,5.664993475,0,2.739473325,0
2.427376336,26.03317006,8.150918172,0,3.491598419,1
6.251537883,24.37160089,4.4313577,0,3.566496225,0
5.998359657,21.82383256,3.688100277,0,3.695082261,0
5.30208811,12.82894771,3.736804487,0,2.023535649,0
5.104045282,15.05015892,7.512160645,1,2.097873612,1
8.062617042,12.86272017,3.445505023,1,2.100661398,0
5.802576773,18.22604695,6.583857682,1,2.962816517,1
2.529741705,23.42659117,8.158264696,0,3.32215105,1
2.476260269,21.60742021,5.094289868,0,1.933211602,0
7.396809575,18.58032368,4.44747288,1,3.766442289,1
2.063902265,17.6126214,7.577569258,0,1.909036805,0
8.186689999,21.44369692,4.899550644,1,1.729038391,0
2.429088638,16.7811626,7.679968683,0,1.397029894,1
6.214441263,15.87655505,6.52897747,1,2.052273684,1
2.928483999,14.72629898,4.829053263,0,1.946951057,0
7.54467198,16.1854096,4.785202625,1,2.383018273,1
3.111604982,28.49240727,7.799533797,0,1.459990917,1
7.34643209,19.7027123,4.142869671,1,3.25633931,0
2.870768179,21.24612245,7.431406935,0,2.8882539,1
8.708087855,16.53441959,2.839052679,1,2.131439904,0
7.542658791,21.12601925,6.034027896,1,2.943013772,0
3.01171881,16.65546726,5.100515124,0,2.09113459,0
3.380060743,21.34889296,6.848218611,0,2.861699687,1
6.897178278,17.75444285,3.614035747,0,4.091103652,0
7.427043067,14.29314157,3.179508985,0,3.677562331,0
4.471195699,12.73055782,5.879625899,0,2.476014527,0
6.02694465,23.59411316,3.916644066,0,2.044656284,0
7.241489908,19.17555815,6.073248478,1,2.591754098,0
4.053301931,26.72158529,7.220835205,0,3.948134864,1
9.541092315,18.40242987,3.240098074,1,2.288190537,0
7.411721175,22.40432178,3.075879503,0,3.565783724,0
6.021740724,19.59217442,4.114502581,0,3.428341035,0
2.097188494,23.43913335,6.146343356,0,1.904818005,0
3.285648859,20.17512768,5.835105643,0,1.936635152,0
4.908209803,12.55394255,6.798255286,1,3.305113798,1
7.627617829,26.83984344,3.817728438,1,3.704667604,0
8.605348893,20.2441829,5.108233568,1,1.691674883,1
4.498382753,24.96614273,7.544277423,1,2.215436961,1
1.830678469,16.85805187,8.116452078,0,0.889871862,1
6.407288119,28.08037297,5.515584713,1,2.14345467,0
6.559866992,19.52961382,5.587288898,1,2.567092808,1
4.626368885,18.88317038,6.92419435,0,3.408117009,1
7.506542981,20.842686,4.635947619,1,3.202420713,0
5.330898348,9.006981956,6.384061168,1,4.17040849,1
7.447377264,16.63654568,6.765497352,1,2.413233332,0
7.290163428,21.44598793,5.337645634,1,1.895874332,1
4.157211673,21.0924239,7.045856006,0,1.881159431,1
4.209593576,13.54676998,6.540721881,0,3.475402944,1
5.299631685,26.79290769,5.667711351,0,2.007817595,0
7.139473734,13.48825285,5.708838399,1,2.666098299,1
7.965088833,17.43371915,2.252624375,0,2.109479343,0
7.049478257,8.607359161,5.301307293,1,1.473742675,0
5.665669,25.93066637,4.005204842,0,3.267582098,0
3.660702348,13.99568458,7.292438269,0,2.305585557,1
5.365442783,18.80243199,4.989169728,0,3.272191668,1
7.378481892,15.77929076,3.222752528,0,3.54565593,0
6.584179891,23.97816438,6.513059535,1,2.054327716,1
4.401134435,16.0308357,4.524909807,0,2.729906171,0
1.879442793,7.710077363,5.384471651,0,1.557002699,0
7.429494838,14.4933326,4.964270957,1,2.906358847,0
8.766587492,18.46646824,5.641697116,1,1.695649785,1
6.029264579,24.41264484,3.865006793,0,2.040288944,0
6.439333288,15.16036293,6.956206051,1,1.964820353,1
4.557830072,24.67670713,6.835868835,0,2.195554917,1
7.419002093,22.75340175,4.466709784,1,2.03700048,0
7.378357089,20.99523969,5.425542167,1,2.956974861,0
7.2429596,18.96086871,4.185503183,1,3.30359607,0
6.699141198,22.7072581,6.436415792,1,1.811620842,1
7.012937972,22.88789879,5.988003711,1,2.196128172,0
7.476843639,22.4674772,4.481325712,1,3.272028746,0
7.728245555,15.90332608,5.449427407,1,1.521397183,0
4.624838914,12.48218194,6.38470271,0,2.351841321,1
1.830601597,7.191999056,8.191302538,0,0.910617922,1
9.271859065,19.9995133,4.216095854,1,1.952307774,0
6.587147991,22.26920025,3.004143885,0,3.982846797,0
7.339600044,31.10337987,4.437543717,1,3.779063436,0
4.523298979,20.75394514,6.399477436,0,2.335908617,1
5.621193756,14.64398563,5.638550195,0,3.167266507,0
7.212774581,17.33315332,4.183514471,1,3.09907859,0
2.996225837,20.943108,6.81131421,0,2.384482487,1
6.03581869,22.75623416,7.252991415,1,3.238510783,1
6.715612446,19.18087788,5.933988042,1,1.763942162,0
3.955065351,22.99473706,7.989952159,1,3.813295381,1
5.086791402,14.02587837,6.510342266,0,2.600202208,0
7.604250854,30.91681938,4.078617633,1,3.449046426,0
7.257434468,26.15079797,4.866866605,1,2.923006897,0
4.245987424,19.98627295,4.851118828,0,2.807453263,0
5.993020241,17.68922081,4.867640089,0,2.279585324,0
2.890130533,13.9855123,5.871131679,0,1.559536175,1
6.4235589,14.95482329,3.471636299,0,3.675442463,0
7.392733739,16.01487036,3.972818827,1,2.090391031,0
7.175936984,26.26642817,4.379649527,1,3.087474129,0
2.447546116,15.51713449,7.952941165,0,3.055443067,1
7.203528171,9.339000154,6.247041207,1,1.870506799,1
7.549592319,16.91284319,4.122993137,1,3.514607478,0
4.353900906,24.2249782,8.156609099,1,3.847995062,1
8.833778669,24.73897717,5.806619238,1,2.347566187,1
2.882559447,14.93249218,7.317275393,0,1.375259341,1
7.063055334,13.02252344,4.63495638,1,2.864166557,0
3.834524997,17.17100183,6.488178374,0,2.934841635,1
4.715425222,11.5268432,4.950223035,0,2.799578998,0
6.161074453,19.47037652,6.979559131,1,2.05628965,1
3.029790195,10.41623269,7.01640155,0,2.294556377,1
2.319282999,29.26027582,6.410328014,0,1.938885867,0
11.09164522,21.06747779,1.29518261,1,2.19770387,0
6.659247951,16.00188878,4.671105343,1,3.506592484,1
4.886027921,11.80991529,6.284180473,0,2.613385986,0
6.008377714,24.99909306,5.870650947,1,2.056423688,0
5.325020447,23.30068399,4.765688683,0,2.014899902,0
7.30541324,21.656311,5.238050651,1,2.263513573,0
4.195944251,19.55511794,5.573388556,0,1.979363245,0
7.193320662,20.4477361,3.163964203,0,4.010018209,0
6.153218282,31.66417695,4.003246334,0,3.535642867,0
5.683578681,26.9207589,7.275479605,1,3.42996968,1
4.636732281,14.71086012,5.973672015,0,2.839518589,0
3.055051207,21.42588848,6.564003162,0,2.363373753,1
7.167307457,21.77626579,4.317866464,1,2.916840466,0
7.437405836,21.00043843,4.224609979,1,3.360411798,0
7.709238314,22.34595075,5.83581143,1,2.670610422,1
2.945700524,19.79028553,7.547415703,0,3.1997661,1
7.700534466,30.74308613,4.475822775,1,3.506989305,0
2.686778104,24.07753606,7.890122705,0,3.381321267,1
4.585407163,20.16439418,6.199940057,0,3.389385801,1
5.863055528,13.87446158,3.235334455,0,3.97620993,0
8.436782465,20.56225199,6.416218236,1,1.593658903,0
5.982704771,14.43157166,6.527824362,1,2.003663064,1
7.30468033,16.05687788,4.632192444,1,3.099008688,0
4.017464675,19.30133701,7.569518051,0,2.198845252,1
6.134014136,21.53535351,6.090177615,1,1.998254919,1
6.404887267,13.54526599,4.993476208,1,2.02748661,0
5.919125323,13.15188886,6.15644315,1,2.873583763,1
3.94168239,27.66848882,4.952801441,0,1.983027519,0
6.509219914,24.53000092,5.275514144,1,2.625732633,1
6.82260726,15.99521695,6.179414853,1,1.836339447,1
7.296623085,23.24762028,4.354082807,1,3.937950771,0
2.618178586,10.07740089,8.687534397,0,4.186653754,1
5.037381306,8.775137333,5.788052616,0,2.543235618,1
6.087252871,14.91746192,6.61638123,1,1.999545834,1
7.590556446,20.06869623,4.813681902,1,3.414656779,0
3.812979615,14.68077113,6.592276663,0,3.121946939,1
8.017633543,13.79711308,5.791840439,1,1.845723091,0
6.902140831,16.06036569,4.672247862,1,1.630383976,0
7.388222601,22.90411825,3.637075001,1,3.618436801,0
1.843966635,21.18839369,6.189127408,0,1.906080446,0
8.719477301,23.05794703,3.874704653,1,1.489871769,0
4.867258455,10.58414029,8.13271542,1,3.554920415,1
3.892910163,25.9801637,7.144457742,0,1.838807683,1
6.504042361,14.60149214,3.974308792,0,3.778256738,0
6.580026377,15.58594197,4.282453042,0,3.533156812,0
9.163262214,15.07198287,2.780241031,1,2.156370656,0
3.838843372,19.20732074,5.760698707,0,2.614879661,1
4.198544901,23.08113562,6.904427283,0,2.170176864,1
5.787591605,19.49338515,4.890963006,0,2.194070413,0
6.521162021,17.14863712,6.612552954,1,1.920900484,1
6.117527883,23.91778962,5.619895015,1,3.533715067,1
3.433665003,19.32218274,8.890073874,1,4.129125598,1
6.413978584,18.43442369,3.379723116,0,3.733996822,0
7.332935708,22.75940996,7.858606338,1,0.885810387,0
7.952759217,25.66100874,3.374775428,1,2.094350107,0
5.882669716,23.67011052,6.85691348,1,2.064550363,1
8.110807932,20.14733142,6.088347331,1,2.653697757,1
8.272346088,11.24533665,4.97219959,1,1.424351446,0
5.643986067,22.1462007,6.206220606,1,3.157087539,1
2.885135826,9.391800595,7.709525277,0,1.523021272,1
6.082795253,17.95425188,6.394746904,1,2.981490845,1
3.392878107,26.45198391,8.403604799,0,4.516047047,1
5.166637382,15.77300026,7.990642796,1,3.540798349,1
4.776849906,13.30510221,6.971422766,1,4.225222866,1
3.124280535,28.21163304,7.454655824,0,3.575230851,1
2.92884179,15.37052545,7.79903314,0,3.743537023,1
7.031240719,24.07170099,3.955064692,0,2.240774982,1
5.211186476,27.7782046,6.7856977,1,2.125783045,1
5.637662943,24.32192206,7.131576501,1,2.103536778,1
4.379787991,22.88460279,4.929568295,0,1.994294553,0
2.802007289,24.1227048,8.24383983,0,2.47289365,1
3.828449179,17.0757287,6.365894764,0,2.128392578,1
5.064415744,16.67825835,5.972212423,0,3.253527098,1
3.211209468,27.47766951,7.290918891,0,2.931141442,1
7.86792498,29.51743042,5.327963572,1,1.860274796,1
5.966613186,15.01204971,6.409626762,1,3.322067711,1
5.757753906,24.29750466,3.527935085,0,3.210954052,0
4.21867385,16.6573937,5.866537696,0,2.154555812,1
7.302387091,15.25726017,3.893070416,1,3.41407742,0
6.376271359,17.51793583,6.264394033,1,3.034171888,1
6.228088935,15.92691932,6.309309461,1,1.956436134,1
7.247940083,15.62370578,5.523081549,1,1.912311159,1
6.530443274,20.23237614,6.458515289,1,2.883624971,1
2.927410815,27.76726578,7.138511941,0,2.874080456,1
1.273895733,9.859923174,7.459158387,0,2.066416869,1
2.923862749,20.382586,7.029809389,0,2.818188026,1
8.353010035,12.64242823,4.45394356,1,2.17154854,0
5.508802084,19.6544586,4.052856014,0,3.222119126,0
3.745032198,21.04462878,6.158788338,0,2.184044145,0
5.59762429,22.07346665,4.202744095,0,3.233851021,0
6.76000662,24.0211419,6.807457979,1,1.975478582,1
4.106421584,23.7770811,6.420173663,0,2.244499794,1
2.127484732,20.58145196,6.181378491,0,1.481071547,0
4.119748426,15.42128366,5.227867998,0,1.890223293,1
4.843405109,21.68070647,5.152711103,0,2.374797592,0
4.861569719,13.28837655,5.176214707,0,3.149354182,0
4.565609088,10.94894065,7.258312387,1,3.34028107,1
6.036628282,16.64060414,4.472468813,0,2.999830354,1
4.466375633,30.73195409,8.434813992,1,3.703413774,1
5.573129431,20.51451183,4.34777304,0,3.284671197,0
6.263668711,18.80310636,6.673061149,1,1.971498586,1
7.101161993,30.28196248,1.860820741,0,4.278019922,0
2.134427317,21.25568372,8.424317265,0,0.942364795,1
2.303489449,17.4034438,9.232982904,0,0.905578061,1
1.250323463,18.99815173,8.626231986,0,0.55485489,1
5.789712793,19.66362922,7.421564657,1,3.218102998,1
5.048552756,22.87815727,5.923724066,0,3.67122076,1
9.391619656,19.77236769,6.199068968,1,1.015910205,0
4.718455904,35.87914624,6.399783742,0,4.139732643,1
6.478786589,12.61897567,5.008651909,1,3.828896343,1
9.355154995,16.72085613,5.836341539,1,1.27227554,0
3.701509252,24.57861646,6.000972369,0,1.956760821,0
3.559955279,19.32819227,7.326529951,0,1.738128557,1
6.408500333,28.5377585,4.934567316,0,1.898634286,0
9.36412676,13.16645343,3.514161295,1,1.977831012,0
8.052954464,13.10941513,6.636361259,1,1.341705755,0
7.017238695,28.78882429,4.293243876,1,2.073833283,0
3.326412243,21.44154442,7.873531954,0,1.51711011,1
7.854141571,27.91719717,4.201566547,1,3.734475878,0
7.198681811,23.42647354,2.837013854,0,3.383381673,0
4.867161718,23.35775019,7.319392503,1,2.12900305,1
5.939890827,11.65906705,3.613011545,0,3.765287068,0
7.072046003,20.52916367,5.661616022,1,2.091977465,0
3.907235318,11.38203555,6.849872867,0,2.134150956,0
3.772001628,32.28656478,8.692075796,1,3.807899346,1
4.790159833,26.80117685,3.731055005,0,2.001721941,0
5.192682794,16.11440744,4.911218895,0,2.022476957,0
6.628418546,28.13182401,4.356040539,0,3.836529542,0
3.257867485,3.581687746,7.401686877,0,1.851868413,1
6.957922998,21.61207018,6.242923118,1,1.836699372,1
7.525233836,14.31624388,3.158205028,0,2.094336959,0
5.982086287,12.79216316,6.510266405,1,2.052092383,1
4.5393561,16.28271943,7.218545429,1,4.574753123,1
4.050079181,16.60565705,8.007239442,1,4.043057305,1
4.855526778,20.45726909,8.291203519,1,3.722368278,1
5.742704952,23.2358622,6.704926766,1,2.027284022,1
4.038311595,20.66631782,5.319292958,0,1.971170163,0
5.924731962,27.74695546,3.654211242,0,3.584449723,0
7.21629301,10.3060888,4.00908613,1,3.192264887,0
8.873893795,14.40911903,4.121766398,1,1.973860563,0
5.612169342,23.99724652,5.766708635,0,1.953597754,0
7.578892579,16.03231718,3.662301336,1,3.637971179,0
7.44086383,21.53871376,3.388997105,0,3.431177155,0
4.7291767,18.38817451,5.601888225,0,2.510201836,1
8.744951659,13.20973223,4.949539493,1,1.598742931,0
4.970295587,14.43183246,5.982540644,0,2.588918875,1
6.656428014,13.55173729,5.773829767,1,2.747452494,1
3.811006295,28.40801944,8.686136022,1,3.99698199,1
6.621584648,12.97020618,2.91751891,0,3.940748995,0
0.07679324,17.3637489,9.221367378,0,0.203055471,1
3.656590482,22.7794322,7.147965873,0,1.868306856,1
6.040044051,17.78577275,6.391421454,1,3.174479911,1
3.314602142,17.71447086,6.968069067,0,3.267107987,1
2.908827191,14.90103566,6.105864651,0,2.509017069,1
2.959154884,9.600663845,7.271161572,0,1.541472344,1
4.500061568,25.49448615,8.37755114,1,3.697702267,1
5.83546912,14.02322506,5.016324148,0,3.384918615,0
3.729016481,22.30698742,6.343539694,0,1.974636267,0
2.057884029,29.87748364,8.004280291,0,0.909044187,1
7.103746094,22.35364956,4.635577105,1,2.233257449,0
6.792300798,22.10814492,4.175437395,0,2.077138513,0
4.742353241,20.94402774,5.924848536,0,2.914160714,1
7.219805154,25.32930782,4.923457831,1,2.855226787,0
7.255808019,21.54561001,5.072688831,1,2.727145713,0
4.262427533,11.94797375,7.293218225,0,4.258681091,1
4.616045732,12.83378371,5.658097901,0,2.788126118,0
4.953743738,25.44102731,4.531422142,0,2.879393944,0
7.356229293,24.36247819,3.840048525,1,3.303908841,0
2.410486808,27.21844129,6.637996675,0,1.513974591,1
4.526105413,39,8.418127233,1,3.70270216,1
9.765167799,14.23204463,2.309734975,1,2.158918497,0
6.129842456,17.9551263,6.1553631,1,2.867283934,1
5.199858284,15.07879492,6.638458911,1,2.060132323,1
4.432293227,19.12937084,5.500435203,0,2.538143374,0
4.440512015,19.92075131,5.676461547,0,2.77154042,1
7.749466656,11.47289586,6.998669303,1,1.364351275,0
4.16563414,17.27997938,6.490088799,0,3.033262437,1
7.179854037,12.66043304,3.167978255,0,4.281717422,0
7.415280792,23.5172973,4.6951645,1,3.953103925,0
8.672193039,17.35916596,5.865224759,1,1.238027875,0
8.179677284,22.87930798,5.685803288,1,1.732433226,1
5.538474044,17.76456346,5.078193551,0,3.073880599,0
7.406635436,18.01267474,5.820879422,1,1.180071368,0
7.313017196,21.07071587,6.700816866,1,1.509886387,0
8.638080087,19.78858426,3.3755979,1,1.608616746,1
3.266663757,27.25923729,8.635047486,0,4.217199028,1
7.59028764,27.39229555,5.37820098,1,1.892443914,0
4.802436949,24.91174965,7.083101142,1,2.237936531,1
3.827705313,25.2123035,6.899852226,0,1.901653519,1
7.302217243,26.81472088,4.087350924,1,3.211847066,0
6.581464803,21.56907624,6.477100511,1,1.850576068,1
4.833551671,21.72949705,5.512450065,0,2.026535711,0
7.518186057,22.90667612,4.981754837,1,3.00612537,0
5.198650907,4.967371208,6.968408888,1,2.143207809,1
10.1112696,17.24533001,4.268679346,1,2.111226574,0
7.166178836,20.14291178,6.261559975,1,2.404824963,0
7.237624715,24.81818797,5.167509841,1,2.765598023,0
3.710969765,13.20648182,6.556978092,0,2.876246368,1
6.634118853,15.77744489,3.475321351,0,2.051751366,0
3.368145279,18.66981903,5.899716064,0,2.372275087,1
4.571427187,18.6052876,4.813236873,0,2.014672508,1
1.743942706,11.72107116,8.946875417,0,3.722238445,1
3.53493582,20.34631827,8.733548451,1,2.267200953,1
7.695691519,23.59835374,3.304345731,1,4.270618266,0
7.42002852,14.6107034,3.614261753,0,1.933245261,0
5.300042916,17.56187514,5.881897117,0,2.45853869,0
4.402600275,7.082946097,5.10894751,0,2.596456271,1
1.599674224,23.48958377,7.092841388,0,1.664300189,1
7.318034648,13.12053753,5.600196503,1,2.75559084,0
7.180866807,14.5376717,3.922323296,0,2.498118862,1
7.373616076,16.2137395,6.104976047,1,1.952719958,1
6.134012072,12.22051682,6.003597247,1,2.091459762,1
8.047680842,23.5211867,4.929855264,1,1.387521928,0
7.125976017,21.78222114,3.156670228,0,2.086878414,0
4.407459246,20.94803685,5.518756893,0,2.918836253,1
3.799876716,22.8433577,5.892964288,0,1.969959624,0
6.283646376,32.99082247,4.241757402,0,3.592047289,0
6.96292513,18.10757713,6.098395644,1,2.701589956,1
4.88867484,17.9856769,6.754952651,0,2.149870087,1
3.956438426,21.41547832,5.315962269,0,1.963876475,0
7.497976191,16.84256667,3.195369917,0,3.817392966,0
4.778517222,8.777015547,3.735532453,0,3.021454237,0
2.442587537,11.59802204,5.521561203,0,1.898311364,0
4.433486043,23.94212159,8.216178753,1,3.588057177,1
3.048257123,19.25291346,6.886466135,0,1.784760117,1
7.176348532,26.60985095,3.580512125,0,3.26816571,0
7.677694506,22.2940935,4.155044514,1,1.860645558,1
6.222458394,23.03305193,5.639671687,1,2.316576992,0
6.523479735,21.15640995,5.043162859,1,3.625724001,0
6.898634462,19.08196373,6.704253897,1,1.947374052,1
5.507041029,29.51888598,6.418213384,1,2.603079781,1
4.648093098,13.27838541,6.799835102,0,3.280168867,1
6.868361618,11.68419587,3.376489105,0,2.053438744,0
6.498229153,24.51027508,3.765587206,0,2.81872967,0
4.249999717,20.31350491,8.094014091,1,3.742808664,1
4.086584661,24.66327508,6.641866486,0,2.116701488,1
7.795093925,20.6572116,4.645647647,1,2.180010203,1
2.28281506,8.756436566,7.047982905,0,1.927153976,0
2.631875764,19.6175295,7.713803382,0,3.388679915,1
2.719465889,19.030161,7.412554436,0,2.633972854,1
2.220881923,30.56190993,7.330535466,0,1.348139092,1
5.951129426,23.36744121,4.373213082,0,3.419439321,0
5.833014914,31.46276057,7.52481844,1,2.07902532,1
7.512665355,5.879401517,4.872386598,1,3.102348986,0
3.448800174,12.43817022,6.302749122,0,1.968861592,0
6.372760065,22.62859814,6.120007168,1,5,1
4.314548527,19.4967209,6.179845524,0,2.084509598,1
3.77246887,16.7285513,6.392474774,0,2.011797012,1
1.777392919,13.5607521,6.93296904,0,1.020101546,1
5.823700912,10.29333967,5.072904438,0,2.035155094,0
3.331546431,25.73004736,7.76436365,0,1.502655079,1
5.695812611,26.98908274,7.404766692,1,2.036633095,1
3.155635209,11.45247197,8.154830071,0,2.319662201,1
7.513544028,26.71026373,3.399457401,0,2.101204407,0
3.182386403,26.98971251,5.806616333,0,1.961332793,0
7.454387121,15.06036943,2.708086696,0,3.853734921,0
6.122725451,15.74026254,5.014155437,0,2.074571213,0
6.506326573,17.41980037,4.997984848,1,2.586712057,1
4.62975516,15.01436053,5.00017696,0,2.173755546,1
4.957425627,25.57816734,5.305533346,0,2.740427413,1
7.191815327,22.51566993,4.318084242,1,3.024370305,0
5.551021617,20.0790262,4.386909768,0,2.05212703,0
4.863457792,13.30625861,4.030429813,0,3.072341484,0
6.351884252,14.78122138,4.563496752,0,2.042692273,0
7.642603741,17.48855314,5.990561606,1,1.755001836,1
7.761171136,22.75756011,5.056374291,1,2.05688081,0
8.15070012,19.35558857,5.584778303,1,2.183072407,0
5.359724954,18.62173192,3.762000829,0,2.031872699,0
7.416242966,18.29851353,5.732592839,1,2.759077439,0
2.061435273,13.73155307,9.862814743,0,4.669979588,1
4.601344441,27.80233964,8.046800806,1,3.833826741,1
2.337269612,17.5732416,5.913423494,0,1.912765452,0
7.347786771,11.29210214,4.469198076,1,2.619626054,0
0.999850062,21.37519823,9.731051112,0,0.312641342,1
4.205671449,16.90328559,5.991068124,0,2.232091879,1
6.060057315,16.7226276,4.264706564,0,3.473644254,0
3.654636711,8.220849078,6.295234415,0,2.018540049,0
4.469927801,14.61708397,4.804181976,0,1.987986404,0
5.33514092,26.39745035,7.010043118,1,3.25276516,1
2.867924239,20.35117026,7.570825124,0,2.997230608,1
5.709500848,14.60781417,5.220701585,0,3.103878503,0
7.494552725,17.25315359,4.413054421,1,3.438422311,0
6.49862463,19.4798227,8.602391763,1,3.312049354,1
5.930546495,22.01192639,5.95428756,1,2.397077193,0
7.520908186,22.0421198,5.712664593,1,2.965307676,0
0.034270322,28.60828904,9.508672223,0,0,1
6.880068594,25.00328492,5.176186801,1,2.423413707,1
6.425370009,16.03914021,4.34524803,0,2.060193196,0
5.69981649,15.09453324,3.595944896,0,3.423485932,0
6.445419061,25.38913518,7.562106696,1,1.974720684,1
7.580510634,15.11265689,3.350496617,1,3.753598331,0
5.350141709,16.2342065,7.545018305,1,2.212866897,1
2.029006963,26.28844861,7.180456449,0,1.2422078,1
7.576290994,12.41525718,4.974400019,1,3.292773108,0
5.148499103,16.50968388,7.312814449,1,3.313960331,1
8.79128492,19.19048658,5.726397937,1,1.831859657,1
6.998215116,11.49148421,3.785997966,0,2.092483879,0
3.797752259,24.00689511,6.516490338,0,2.669597319,1
6.51738153,10.47717185,5.402463292,1,2.767117001,1
5.203034164,22.76235337,6.790656171,1,2.094988915,1
5.213638022,19.514362,6.361299315,0,2.555268052,1
3.667578276,21.79927326,4.416677008,0,2.487187423,0
6.318590949,19.63887904,4.56801398,0,2.055113407,0
3.42969159,22.38014288,5.598714969,0,1.728868159,1
6.354230501,8.967824356,6.415525432,1,1.929285062,1
4.279412305,11.92712234,4.325764374,0,1.98381402,0
6.502316262,29.36024419,6.441374085,1,2.042118079,1
7.15882124,19.12244775,5.217945416,1,2.705549079,0
3.491680317,15.70709338,6.04749134,0,1.867874602,1
5.87281425,21.93043044,6.930654056,1,2.019672149,1
7.237804797,25.20125451,5.469052675,1,1.510945148,0
7.538722796,21.33267601,5.117437772,1,2.88407377,0
6.801954948,19.77187391,6.832376511,1,1.937478517,1
6.251579586,28.25646897,6.864487381,1,2.950993526,1
7.165148038,16.72933569,6.210509092,1,2.704527176,1
0.647649213,14.73716235,8.300266446,0,1.944334374,1
8.42703744,21.68398595,2.612822602,1,2.108195541,0
7.223623295,21.22136393,4.902288669,1,2.857152806,0
6.022061108,17.78937179,6.744087366,1,1.99890249,1
7.330524722,19.80251194,4.162586375,1,3.245375577,0
6.8977162,14.28625582,2.565325158,0,4.281263677,0
1.826362244,20.75028564,8.392201148,0,0.921652506,1
8.453312764,12.3188384,3.881596603,1,1.962831171,0
8.10329807,28.72464423,4.206373688,1,2.108481151,0
4.067537431,11.31657682,7.1824718,0,2.254648862,1
4.708841199,18.46281437,6.534297046,0,3.935382658,1
5.099073409,22.19189518,7.184769016,1,2.20914467,1
5.430779996,26.80088263,5.299033869,0,2.959127456,1
1.968322252,20.56466971,7.610946898,0,1.157561585,1
7.730061427,14.79287255,4.890894544,1,2.17912546,0
7.626481821,23.61938229,2.600795241,0,4.05304684,0
5.591619831,17.46743022,4.871875802,0,2.720134118,0
7.266117274,13.03922465,2.922106089,0,3.518797828,0
9.003206994,24.64921598,3.852431171,1,1.905981212,1
5.837756745,12.29467958,4.780825056,0,2.062745815,0
5.72666094,21.09661211,6.532401483,1,2.005229218,1
5.508531493,12.13722803,6.57512896,1,3.13190209,1
6.440786438,23.61613235,4.676942913,0,3.422602634,0
6.602199654,14.69836017,4.601102568,0,2.236568297,0
11.15255071,11.30529574,2.704725356,1,2.170124326,0
5.471524847,15.56523424,4.076587057,0,2.024409418,0
7.484530377,17.82243509,5.325348987,1,2.314127366,1
3.183164273,29.50259167,6.421693821,0,1.850880262,1
4.334206151,22.13677526,7.224155288,0,4.590052356,1
7.25674388,21.10760861,4.566805025,1,1.649529279,0
5.846905938,22.73691009,6.135664727,1,2.043244977,1
8.220606976,29.86280378,4.250915097,1,1.930405959,0
5.308739281,16.84756784,3.988120298,0,2.011507758,0
4.439547899,26.55109296,6.59185784,0,3.5608329,1
1.448105557,24.084197,6.99871482,0,1.216039812,1
5.452265584,18.66275871,4.145139689,0,3.264413771,0
7.927988462,23.12504068,4.18155823,1,2.114230607,0
4.876874343,12.51521013,5.161704876,0,2.464838552,1
5.68421446,28.8175438,9.619416332,1,3.653021388,1
7.784718424,25.6484923,3.814289649,1,3.728980508,0
5.140936301,19.95790438,6.735932085,1,3.283141979,1
4.042245795,19.80410027,7.083121994,0,3.848194664,1
7.226428913,16.03780971,5.712851697,1,2.073928284,0
3.611630198,25.0362807,5.753916284,0,2.228547263,1
8.4992077,25.7130836,2.259606488,1,2.506459957,0
5.049143647,33.59469494,4.119777856,0,3.041125904,0
3.181020339,26.38769794,7.950127208,0,3.664335133,1
3.722240392,26.40093333,6.550781241,0,3.030561171,1
3.799906486,19.09277034,7.440729144,0,3.857069241,1
5.12260977,20.48370837,4.419263935,0,3.051363037,0
4.982658589,23.91007963,7.077335322,1,2.15454164,1
4.084375806,22.26991416,6.050219406,0,2.941886371,1
9.470382276,29.87325415,3.92902394,1,2.130513548,0
5.132174419,25.30818084,5.060966676,0,2.535717689,0
4.967218453,24.9205137,4.947595074,0,2.995525508,1
7.287867673,14.13978465,4.285217613,1,3.099583308,0
5.37910684,26.11816726,5.019801523,0,2.020304472,0
7.332808696,15.66766713,5.226364361,1,2.97833066,0
8.705334945,26.77230899,3.21522143,1,2.100673522,0
5.702761876,18.84058902,4.01685209,0,3.342342834,0
1.754574352,19.46758242,8.963822805,0,3.709901752,1
6.343884713,26.07045102,4.136475381,0,3.492523757,0
1.1560578,19.8350053,8.186727663,0,0.798196466,1
5.88491196,17.23003283,6.040744007,1,1.750701073,0
4.330243835,22.75228164,8.136986984,1,2.084275941,1
8.085566994,23.22951172,6.115481106,1,1.780532773,1
5.528643149,19.77876935,5.10189291,0,2.073268736,0
4.245104372,19.56066814,7.217518396,0,1.934426927,1
5.222772343,18.11962639,4.828852876,0,2.932519495,0
5.510121043,2.529117519,5.026238203,0,2.791609315,0
3.486418849,17.75337256,6.197667531,0,1.959320619,0
9.003455438,13.02406642,5.011468814,1,1.363118663,0
3.8688239,24.03888557,6.827290132,0,2.010817071,1
6.803545152,12.56554774,5.005504388,1,2.615526075,1
5.595747954,24.69958892,4.846924621,0,3.313887236,0
7.611500434,14.06136141,3.902682622,1,3.452344894,0
8.504805466,24.60431192,2.878671347,1,2.481594244,0
6.449142736,21.77038087,6.674229633,1,1.90925356,1
4.218396931,20.53217674,7.478381406,0,2.270437824,1
6.066942048,15.73597281,5.629667364,1,2.050428086,1
4.057438244,21.15317666,5.96844863,0,1.990424101,0
5.023995096,18.2674057,6.8678624,1,2.231133888,1
3.567087869,28.73133125,6.881596284,0,1.932634476,1
8.218738833,16.4795006,4.532187658,1,1.943807152,0
4.493149301,7.749617601,7.053217375,0,2.108459256,1
5.580817313,21.73979703,5.658251473,0,2.011610668,0
4.540736618,27.59838292,5.313480207,0,1.981422246,0
3.789381179,20.84088995,6.922860394,0,1.753252721,1
7.698899233,17.53975366,4.785820674,1,3.844679726,0
7.240487584,28.83191058,3.658792254,0,3.316518496,0
2.360647074,20.18854442,7.080426671,0,1.486647934,1
4.665484443,18.45674495,5.400154528,0,1.999466638,0
1.610561421,19.74262246,8.201120706,0,2.435418118,1
4.626269913,14.03343822,5.050619075,0,2.839282469,0
4.659251997,10.2752509,5.14742637,0,2.714777287,1
5.298657463,27.55867291,5.51206451,0,3.203603291,1
6.820209114,25.79068436,3.829479234,0,2.077134092,0
5.580234653,21.13099768,6.640061289,1,1.978874701,1
7.143953859,20.97030373,4.271918388,1,3.160836697,0
5.669359985,31.76854896,3.870238286,0,3.348192838,0
3.858501149,13.61498118,6.666691684,0,2.150119684,1
5.499131852,14.68019383,8.148891399,1,3.454052422,1
7.519695285,23.64373034,5.706024195,1,2.951169993,0
6.852649754,20.77433245,5.422020179,1,3.574581543,0
5.75908072,20.65523982,6.75156112,1,3.221467888,1
7.521216867,21.05403951,4.464275795,1,3.195532077,0
7.075204829,28.66702292,4.339527095,1,2.983344858,0
4.441571453,19.79222685,5.157556786,0,2.456307362,0
8.367987852,26.99197073,3.151649743,1,2.105896114,0
5.357703563,21.89960929,5.704011918,0,3.529837584,1
4.837053464,24.75152566,7.408770853,1,2.148638877,1
4.065499932,9.257828388,6.181515471,0,2.966304825,1
7.26367539,14.98071833,4.824619778,1,2.075294534,0
8.980334449,20.90359801,3.525816428,1,1.769508943,0
6.728379365,29.97004831,4.582356965,1,3.689644365,0
7.947950176,15.46330067,6.557546864,1,1.721200178,1
4.251439426,16.40581208,5.579893291,0,2.442415349,0
5.810069263,16.18895877,3.225779693,0,2.021116282,0
7.831901867,14.31378923,2.971083079,0,2.097951674,0
2.281013352,23.75011368,5.280233635,0,1.918248924,0
3.66000626,31.9373385,7.489042205,0,1.721540792,1
6.951624279,33.57784821,4.160273384,0,2.130866708,0
2.962294418,15.66245682,9.909437802,1,4.604226413,1
5.41474536,32.15888685,3.423217745,0,3.425571583,0
2.742516989,14.9512032,6.637680403,0,1.697477242,1
3.30058256,33.66543754,7.625627259,0,2.305340546,1
5.275125482,11.79425388,4.973368347,0,3.007021143,0
4.980428119,18.10730981,5.484920808,0,2.005977933,0
6.121049395,19.70413799,7.901002407,1,3.391189308,1
5.858588805,13.04786635,6.962808829,1,1.957578242,1
6.113097304,17.01266539,5.260503658,1,4.183979502,1
4.201695411,22.08124281,6.127739152,0,3.384029006,1
6.310851142,26.22298859,5.562398665,1,2.17789911,0
7.367440269,14.14067275,5.413960089,1,2.783925683,0
8.015074816,25.61662131,3.631516382,1,2.006950003,1
7.062652891,24.34139124,4.03006694,1,3.806565949,0
3.879315087,31.5235134,6.11276967,0,1.949389423,0
8.448463318,7.123775557,2.51750273,1,2.127864962,0
6.677433598,23.95603666,4.965435492,1,2.566283995,1
1.991894396,20.67189932,8.459121767,0,0.77807507,1
2.991643746,23.99157916,8.268713573,0,1.396403238,1
7.261428147,21.12329096,4.186593745,1,3.104874291,0
7.679241618,18.87461323,5.659963672,1,1.869153702,1
7.424303094,16.32277844,3.08643172,0,2.072790489,0
6.648164806,20.55510717,3.573696675,0,2.067836467,0
4.204055401,24.21883584,8.237694745,1,3.689405762,1
2.998893351,24.81069253,7.617011107,0,3.4194494,1
8.660364507,0,4.014826909,1,1.768210423,0
3.860477821,29.79113777,5.236525441,0,2.403583367,0
1.688185085,21.27149166,8.077151353,0,2.492106211,1
8.600803324,23.52118443,6.004045263,1,2.337532723,1
7.498067249,19.29205838,4.650196661,1,3.280995293,0
5.27467626,25.16084227,4.141111833,0,2.006662169,0
5.933281402,36.58533896,7.10775156,1,1.983628228,1
5.051143067,17.52776783,7.146638136,1,2.112067813,1
5.729964003,14.41082308,5.778322274,1,3.018620567,1
5.21223907,7.80346203,3.927921151,0,3.113938656,0
8.644647749,20.52756082,3.179705403,1,4.804998118,0
8.982525458,27.49132041,4.909466739,1,1.599913549,0
3.801875133,21.44988592,6.465382453,0,1.952405095,0
6.623161679,26.99829763,6.127728408,1,2.638446416,1
4.564341569,17.84720111,7.521811376,1,2.203002527,1
4.057138355,26.10900173,6.8048802,0,1.954355113,1
7.53958504,11.02048594,3.969407491,1,3.515643534,0
6.224578119,15.7108855,4.912494946,0,3.35178715,1
6.227673578,11.78629632,4.015019634,0,2.045964269,0
1.686347862,17.03683096,7.80393391,0,2.690322677,1
7.250198544,19.87417837,4.078951267,1,3.158877124,0
7.450225992,24.02958765,5.656513018,1,2.875314382,0
6.156373697,21.0574247,5.721499076,1,2.670632353,1
6.35448986,11.47723678,6.486909107,1,2.809037753,1
4.852609591,21.1753359,5.656567602,0,2.016221792,0
